{"learner":{"attributes":{"best_iteration":"99","best_ntree_limit":"0","scikit_learn":"{\"use_label_encoder\": false, \"n_estimators\": 100, \"objective\": \"multi:softprob\", \"max_depth\": null, \"max_leaves\": null, \"max_bin\": null, \"grow_policy\": null, \"learning_rate\": null, \"verbosity\": null, \"booster\": \"gblinear\", \"tree_method\": null, \"gamma\": null, \"min_child_weight\": null, \"max_delta_step\": null, \"subsample\": 0.32479561626896214, \"sampling_method\": null, \"colsample_bytree\": 0.24646688973455957, \"colsample_bylevel\": null, \"colsample_bynode\": null, \"reg_alpha\": null, \"reg_lambda\": null, \"scale_pos_weight\": null, \"base_score\": null, \"missing\": NaN, \"num_parallel_tree\": null, \"random_state\": null, \"n_jobs\": null, \"monotone_constraints\": null, \"interaction_constraints\": null, \"importance_type\": null, \"gpu_id\": null, \"validate_parameters\": null, \"predictor\": null, \"enable_categorical\": false, \"max_cat_to_onehot\": null, \"eval_metric\": null, \"early_stopping_rounds\": null, \"callbacks\": null, \"kwargs\": {\"lambda\": 0.0006155564318973012, \"alpha\": 1.77071686435378e-07}, \"classes_\": [0, 1, 2, 3, 4, 5, 6, 7, 8, 9, 10, 11, 12, 13, 14, 15, 16, 17, 18, 19, 20, 21, 22, 23, 24, 25, 26, 27, 28, 29, 30, 31, 32, 33, 34], \"n_classes_\": 35, \"_estimator_type\": \"classifier\"}"},"feature_names":["loan_amnt","term","emp_length","home_ownership","annual_inc","verification_status","purpose","dti","open_acc","revol_bal","revol_util","initial_list_status","application_type","mort_acc","pub_rec_bankruptcies","time_paid_back","cr_line"],"feature_types":["float","int","int","int","float","int","int","float","float","float","float","int","int","float","float","float","float"],"gradient_booster":{"model":{"boosted_rounds":100,"weights":[-5.395718E-5,-3.6950143E-5,-4.4277007E-5,-3.8713668E-5,-4.5716777E-5,-4.790235E-5,-5.3339576E-5,-4.4409546E-5,-5.3929514E-5,-5.3001742E-5,-4.6970665E-5,-5.104497E-5,-4.261777E-5,-2.9316205E-5,-2.7012127E-5,9.091191E-7,-1.5874364E-5,-1.1853792E-5,-1.4006037E-5,-4.8117518E-6,6.6084526E-6,1.2601292E-5,1.2302915E-5,1.3725346E-5,2.853578E-6,1.0201261E-6,1.6418147E-6,1.9700814E-5,1.8061573E-5,5.1466515E-5,4.6548288E-5,3.1219737E-5,3.2113305E-5,5.3511794E-5,6.310593E-5,-2.290717E0,-2.30975E0,-2.3318741E0,-2.3298657E0,-1.920891E0,-1.5104704E0,-1.386469E0,-1.2837778E0,-1.65347E0,-1.0549201E0,-5.6760067E-1,-6.136125E-1,-9.320352E-2,2.8731339E-2,7.0677176E-2,9.163548E-2,-6.0736454E-1,2.0716991E-2,-2.1584804E-1,-4.3520287E-2,2.3023506E-1,8.6440735E-2,-1.5691406E-1,5.408184E-1,1.1444814E0,1.4445614E0,1.1252878E0,1.230676E0,1.4716249E0,1.0653152E0,1.314947E0,1.3991343E0,1.678548E0,1.7059374E0,6.692466E-1,5.3128965E-2,3.3456672E-2,2.817229E-2,-4.8935404E-3,1.3033978E-2,2.2334825E-2,2.6966883E-2,3.5089016E-2,1.1000322E-2,2.9532973E-2,1.7177531E-2,1.8950485E-2,5.8349E-3,2.7113758E-2,1.8545682E-2,-1.0958619E-2,8.619619E-3,-7.0203124E-3,-8.468759E-3,-8.514804E-4,-2.0405209E-2,-1.585482E-2,8.213178E-3,-1.0630827E-2,-1.6035743E-2,-1.6834464E-2,-1.6557567E-2,-2.554708E-2,-1.6271402E-3,-9.925154E-4,-2.3190401E-2,7.4497205E-3,-3.6830563E-2,-4.0582754E-2,-1.9076282E-2,-1.881872E-1,-1.7238677E-1,-1.0565448E-1,-7.6817274E-2,7.62468E-2,5.0341647E-2,4.612466E-2,9.950221E-2,1.7847204E-1,2.9266283E-1,2.1973154E-1,2.0170316E-1,1.5001516E-1,1.3802171E-1,2.243626E-1,6.900407E-2,7.248563E-2,-3.3741426E-2,-4.6434272E-2,-2.1698672E-2,-9.116998E-2,1.9736813E-2,-1.828562E-2,-1.0279564E-2,-1.3725775E-1,-6.129502E-2,3.0301902E-2,-1.4018393E-1,-7.897359E-2,-1.8131794E-1,-1.7584161E-1,-1.3212317E-1,-2.3511834E-1,-1.7915411E-1,-1.6803241E-1,1.1593625E-5,8.7962835E-6,8.6527E-6,7.2163025E-6,5.732413E-6,5.976588E-6,3.712755E-6,2.985146E-6,2.1120059E-6,1.5056298E-6,2.9862172E-6,1.2268812E-6,1.9235658E-6,-5.8755626E-7,-1.3902151E-6,-3.4389252E-6,-1.4213678E-6,-3.3073812E-7,4.5788976E-8,-2.0301589E-7,-2.145264E-6,-2.1313126E-6,-4.415273E-6,-2.813525E-6,-4.6793407E-6,-5.962086E-6,-1.5095516E-6,-8.117797E-6,-5.0124204E-6,-7.5465355E-6,-3.3500019E-6,-2.5562388E-6,-1.8723821E-6,-1.2370684E-5,-3.6460917E-6,-1.2033335E0,-9.7536224E-1,-8.135731E-1,-6.540053E-1,-4.2147893E-1,-5.7635033E-1,-4.118253E-1,-3.176864E-1,-1.4214227E-1,9.49144E-2,-3.6922272E-3,8.426991E-2,8.7756E-2,1.9261466E-1,4.2526743E-1,3.7294347E-2,1.328229E-1,1.0031282E-1,7.821355E-2,-9.290338E-3,-6.619817E-3,-3.0757904E-3,3.856587E-2,-1.4940323E-2,-2.5855824E-2,-8.0403715E-2,2.1964307E-1,-4.060444E-2,1.805222E-1,1.297136E-1,2.5088495E-1,3.0361342E-1,4.5360982E-1,3.4183264E-1,4.5448476E-1,-9.37531E-2,-1.625347E-1,-1.2522134E-1,-1.7007256E-1,-1.2597942E-1,-1.0794272E-1,-7.9037294E-2,-1.0532506E-1,-1.112579E-1,-7.482545E-2,-4.9144212E-2,-6.127396E-2,-4.4348456E-2,-2.8479066E-2,-9.038476E-3,-4.7229942E-2,-4.366237E-2,-4.3923818E-2,-2.6135635E-2,-4.2456422E-2,7.087664E-3,3.848331E-2,3.041756E-2,2.675505E-2,1.5653877E-2,8.573645E-2,6.376231E-2,9.966438E-2,7.507169E-2,2.3624945E-2,9.4099E-2,6.361749E-2,8.33285E-2,1.0492353E-1,1.2972865E-1,-1.9281046E-2,-5.2702273E-3,-1.0281999E-2,-1.02211945E-2,-1.9508041E-2,-1.10571105E-2,-2.0040542E-2,-1.751821E-2,-1.8232422E-2,-2.9613744E-2,-1.0681824E-2,-1.2380293E-2,-1.2823231E-2,-4.246703E-3,-1.0476176E-2,-1.3159307E-2,2.448587E-3,1.3953841E-3,9.101056E-3,7.2668334E-3,9.116402E-3,7.947894E-3,1.0122792E-2,9.673766E-3,-3.9704824E-3,1.4111869E-2,8.683968E-3,1.033214E-2,6.477651E-3,5.355552E-3,1.1252339E-2,-5.2166884E-3,1.4812954E-2,4.5458614E-3,2.0747576E-2,-8.461579E-3,-2.1762716E-2,-1.0245903E-2,-5.4065846E-3,-4.5991065E-3,-1.0977702E-2,-1.2389217E-2,-9.444144E-3,-5.1905387E-3,-2.1960486E-3,-1.6687555E-2,-1.7114418E-2,-8.446501E-3,-1.1465776E-2,-1.2029172E-2,-3.122097E-3,8.084243E-3,-8.635965E-3,5.1677594E-5,-1.316204E-2,-1.6229892E-2,-9.356513E-3,-5.120166E-3,-4.6959394E-3,2.1327192E-2,-8.90066E-3,-1.8596141E-4,1.1317393E-2,5.181222E-3,5.809531E-3,1.8303685E-2,3.0605026E-2,9.978339E-4,3.198823E-2,4.3921374E-2,7.1316344E-6,6.1682426E-6,6.068045E-6,4.38891E-6,6.6726725E-6,3.836797E-6,5.893404E-6,1.1454126E-6,2.4726924E-6,4.0686755E-6,1.7023538E-6,1.2354129E-6,2.4463866E-6,4.0080236E-6,5.243905E-6,-2.1771323E-6,-1.9322983E-6,-2.5969712E-6,-7.3580236E-6,-4.6787213E-6,6.8233743E-7,-1.9633708E-6,1.0846363E-6,-3.7108266E-6,-9.681762E-6,-1.7746113E-6,-9.440352E-6,-9.934545E-6,2.9518983E-6,-1.2157925E-5,-1.3000159E-5,-3.420175E-6,2.2716288E-6,-6.191873E-7,-9.3072285E-6,-6.8443775E-2,-5.7468835E-2,-3.885419E-2,-3.4086026E-2,-2.2224227E-2,-1.820578E-2,-1.0129609E-2,-6.845122E-3,-4.602167E-3,-1.5775055E-3,-3.2292404E-3,3.2130498E-3,-2.5499365E-4,-4.6854053E-4,-1.8518498E-4,3.0446467E-3,5.5060806E-3,7.033459E-3,1.1775456E-2,7.548681E-3,5.8647194E-3,6.292312E-3,2.5536928E-3,1.5501915E-3,9.73225E-3,9.531345E-3,5.5970885E-3,1.11242365E-2,1.0540017E-2,1.2746993E-2,4.399606E-3,1.3912504E-2,-8.8368595E-4,1.0150584E-3,3.70513E-3,1.2232361E0,1.0017514E0,9.9012524E-1,9.127811E-1,1.3370378E0,1.065817E0,9.5019054E-1,9.9799436E-1,1.008923E0,1.1868663E0,1.0418717E0,8.756731E-1,8.616793E-1,9.3367076E-1,1.0829428E0,-1.35017E-1,-2.5254622E-1,-7.065927E-2,-4.9305442E-1,-2.8775334E-1,-1.1580023E0,-1.1088032E0,-1.3811623E0,-9.460258E-1,-2.3049091E-1,-1.0810375E0,-1.3431845E0,-1.5082413E0,-1.3986909E0,-1.0043632E0,-7.644364E-1,-1.1945858E0,-5.3289366E-1,-6.2082965E-2,-2.8464523E-1,3.5702135E-2,1.4904337E-1,1.0113869E-1,3.6671888E-2,3.0688477E-1,4.602273E-1,2.7674186E-1,5.378812E-1,3.1735483E-1,4.899798E-1,5.9466106E-1,2.7167276E-1,4.738722E-1,5.456081E-1,5.892505E-1,-3.368621E-2,1.4717942E-1,3.425002E-1,-5.480898E-2,-1.1544191E-1,-2.854409E-1,-9.647982E-2,-1.6335258E-1,-2.8246546E-1,-1.376781E-1,-9.915889E-2,-1.8553579E-1,-4.6554792E-1,-4.7485027E-1,-5.3849685E-1,-7.156061E-1,-2.3980951E-1,-4.1447368E-1,-6.766401E-1,-7.692986E-1,2.4043083E-1,1.9013533E-1,1.7612258E-1,1.5350497E-1,1.6870955E-1,1.2716454E-1,1.286416E-1,1.3687854E-1,1.169244E-1,1.48412E-1,9.670126E-2,1.1695755E-1,8.1758365E-2,6.3822985E-2,5.0718646E-2,6.787747E-2,3.422391E-2,2.1741258E-3,