{"learner":{"attributes":{"best_iteration":"99","best_ntree_limit":"0","scikit_learn":"{\"use_label_encoder\": false, \"n_estimators\": 100, \"objective\": \"multi:softprob\", \"max_depth\": null, \"max_leaves\": null, \"max_bin\": null, \"grow_policy\": null, \"learning_rate\": null, \"verbosity\": null, \"booster\": \"gblinear\", \"tree_method\": null, \"gamma\": null, \"min_child_weight\": null, \"max_delta_step\": null, \"subsample\": 0.31273937997981016, \"sampling_method\": null, \"colsample_bytree\": 0.8417575846032317, \"colsample_bylevel\": null, \"colsample_bynode\": null, \"reg_alpha\": null, \"reg_lambda\": null, \"scale_pos_weight\": null, \"base_score\": null, \"missing\": NaN, \"num_parallel_tree\": null, \"random_state\": null, \"n_jobs\": null, \"monotone_constraints\": null, \"interaction_constraints\": null, \"importance_type\": null, \"gpu_id\": null, \"validate_parameters\": null, \"predictor\": null, \"enable_categorical\": false, \"max_cat_to_onehot\": null, \"eval_metric\": null, \"early_stopping_rounds\": null, \"callbacks\": null, \"kwargs\": {\"lambda\": 1.7679748286442581e-06, \"alpha\": 0.0002195678075127562}, \"classes_\": [0, 1, 2, 3, 4, 5, 6], \"n_classes_\": 7, \"_estimator_type\": \"classifier\"}"},"feature_names":["loan_amnt","term","emp_length","home_ownership","annual_inc","verification_status","purpose","dti","open_acc","revol_bal","revol_util","initial_list_status","application_type","mort_acc","pub_rec_bankruptcies","time_paid_back","cr_line"],"feature_types":["float","int","int","int","float","int","int","float","float","float","float","int","int","float","float","float","float"],"gradient_booster":{"model":{"boosted_rounds":100,"weights":[-3.5499088E-5,-5.076894E-5,-4.035468E-5,-6.075006E-6,1.4732334E-5,1.7868011E-5,4.67282E-5,-5.4189253E0,-2.3937647E0,-6.6795295E-1,-5.7226247E-1,2.319291E-1,1.2624159E0,1.2434148E0,1.2001532E-2,3.2344434E-2,2.8053679E-2,4.362802E-3,-1.0942412E-2,-5.6240424E-3,-1.7324343E-2,-1.3166973E-1,1.6810045E-1,2.3168409E-1,2.1925839E-3,-7.303221E-2,-8.164931E-2,-2.037531E-1,8.167477E-6,4.1219405E-6,1.0148729E-6,-7.826581E-7,-3.1340148E-6,-5.286467E-6,-3.6611125E-6,-8.484117E-1,-2.1538344E-1,2.0927563E-1,8.486543E-2,-2.6552342E-2,2.1408293E-2,3.0547994E-1,-1.436961E-1,-1.10078335E-1,-4.3373715E-2,-4.0954884E-2,3.459484E-2,8.4207416E-2,1.0001142E-1,-1.6411148E-2,-2.2195382E-2,-1.5067816E-2,-4.409378E-4,8.985819E-3,1.1922055E-2,1.8612972E-2,-1.6745972E-2,-1.0465451E-2,-6.659837E-3,-2.3163256E-4,8.7495067E-4,1.7863054E-4,2.6345585E-2,8.330556E-6,3.7321176E-6,3.8060011E-6,-2.5879992E-6,-2.576454E-6,-3.4512257E-6,-4.10017E-6,-4.343795E-2,-9.383621E-3,-6.76548E-5,6.6837603E-3,6.6064396E-3,1.1688783E-2,5.3707054E-3,1.5718325E0,1.4736241E0,1.2733842E0,-1.859997E-1,-1.1128011E0,-1.5693481E0,-8.2469946E-1,3.4206414E-1,8.4400827E-1,8.233631E-1,2.2532416E-16,-6.2714744E-1,-7.339541E-1,-1.2392324E0,1.9320843E-1,1.4261252E-1,8.038846E-2,8.043315E-3,-6.462953E-2,-1.2939252E-1,-2.0409702E-1,-1.19896E0,-2.0692302E-1,-8.0134965E-2,3.4914367E-2,9.922779E-3,1.8662106E-1,2.0949787E-1,5.7953946E-2,3.419618E-2,1.7021567E-2,1.1247926E-2,-1.45759275E-2,-3.109051E-2,-6.308075E-2,4.309415E-2,1.7549025E-2,-7.886141E-4,-2.9928621E-3,1.6402004E-3,-1.659753E-2,-3.04567E-2,6.607423E-1,-1.323442E-1,-6.6406864E-1,-6.651535E-2,2.2723751E-1,2.5283453E-1,-1.8717547E-1]},"name":"gblinear"},"learner_model_param":{"base_score":"5E-1","num_class":"7","num_feature":"17","num_target":"1"},"objective":{"name":"multi:softprob","softmax_multiclass_param":{"num_class":"7"}}},"version":[1,6,2]}